<?xml version="1.0" encoding="UTF-8"?>
<project-private xmlns="http://www.netbeans.org/ns/project-private/1">
    <editor-bookmarks xmlns="http://www.netbeans.org/ns/editor-bookmarks/2" lastBookmarkId="0"/>
    <open-files xmlns="http://www.netbeans.org/ns/projectui-open-files/2">
        <group>
            <file>file:/C:/Users/morne/OneDrive/Documents/NetBeansProjects/Part1/src/part1/Part1.java</file>
            <file>file:/C:/Users/morne/OneDrive/Documents/NetBeansProjects/Part1/src/part1/Registration.java</file>
            <file>file:/C:/Users/morne/OneDrive/Documents/NetBeansProjects/Part1/src/part1/Part2Menu.java</file>
            <file>file:/C:/Users/morne/OneDrive/Documents/NetBeansProjects/Part1/src/part1/Login.java</file>
        </group>
    </open-files>
</project-private>
